{"parties":[{"date":"15/09/2018","id":1,"location":{"name":"Spring break"},"name":"Integration"},{"date":"06/06/2019","id":2,"location":{"name":"Middle Night"},"name":"Desintegration"},{"date":"2019-03-14","id":3,"location":{"name":"EEEEEEEEEEEEEEEEEEEEEEEEEEEEEEEEEEOH"},"name":"EHOH !"},{"date":"2019-03-21","id":4,"location":{"name":"EHOH"},"name":"La mère Curry"},{"date":"2019-03-22","id":5,"location":{"name":"C'est fort en chocolat BABIBEEEEEEEEEEEEEEEEEEEEEL"},"name":"Babibel"},{"date":"2019-03-28","id":6,"location":{"name":"Eh non en fait c'était une chouette merci bonsoir !"},"name":"Hirondelle"},{"date":"2019-03-23","id":7,"location":{"name":"Pologne"},"name":"Callum célib dans 1 semaine"},{"date":"2019-04-04","id":8,"location":{"name":"De Nice - A 19"},"name":"Brice l'alpaga"}]}